{
	"info": {
		"_postman_id": "e70f40e7-12a0-479c-95c2-5501f9325516",
		"name": "Ebaking - Transactions",
		"schema": "https://schema.getpostman.com/json/collection/v2.1.0/collection.json"
	},
	"item": [
		{
			"name": "Get Customer All Accounts all transaction first page",
			"request": {
				"auth": {
					"type": "noauth"
				},
				"method": "POST",
				"header": [
					{
						"key": "Authorization",
						"value": "eyJhbGciOiJIUzI1NiIsInR5cCI6IkpXVCJ9.eyAiY3VzdG9tZXJJZCI6ICJQLTAxMjM0NTY3ODkiICwgImVtYWlsIjoiZW1wbG95ZWUzQHNwLmNvbSJ9.nLxacDiNrEOcvZ-qlGgJ1ugEGNBxTck2AwFBIwZBsS0",
						"type": "text"
					}
				],
				"body": {
					"mode": "raw",
					"raw": "{\n    \"customerId\": \"P-0123456789\",\n    \"currency\": \"INR\",\n    \"year\": 2023,\n    \"month\" : 10,\n    \"pageNo\": 30,\n    \"pageSize\": 5\n}",
					"options": {
						"raw": {
							"language": "json"
						}
					}
				},
				"url": {
					"raw": "https://localhost:8080/ebanking/customer/transactions",
					"protocol": "https",
					"host": [
						"localhost"
					],
					"port": "8080",
					"path": [
						"ebanking",
						"customer",
						"transactions"
					]
				}
			},
			"response": []
		}
	]
}