{
	"id": "6d0037a7-cda3-4221-a2e9-68ed3c79264b",
	"name": "Localhost",
	"values": [
		{
			"key": "mock-server",
			"value": "localhost",
			"enabled": true
		},
		{
			"key": "ebank-api-server",
			"value": "localhost",
			"enabled": true
		},
		{
			"key": "mock-port",
			"value": "8091",
			"enabled": true
		},
		{
			"key": "ebank-port",
			"value": "",
			"enabled": true
		}
	],
	"_postman_variable_scope": "environment",
	"_postman_exported_at": "2021-06-20T08:55:44.353Z",
	"_postman_exported_using": "Postman/8.6.2"
}