{
	"info": {
		"_postman_id": "a66f81a0-ca95-4187-837f-59a8b3c4e231",
		"name": "Mock Service - SSO - Authentication & Authorization",
		"schema": "https://schema.getpostman.com/json/collection/v2.1.0/collection.json"
	},
	"item": [
		{
			"name": "Authenticate Customer",
			"request": {
				"method": "GET",
				"header": [],
				"url": {
					"raw": "http://{{mock-server}}:{{mock-port}}/sso/authenticate/customer?token=P-0123456789eyJhbGciOiJIUzI1NiIsInR5cCI6IkpXVCJ9.eyAiY3VzdG9tZXJJZCI6ICJQLTAxMjM0NTY3ODkiICwgImVtYWlsIjoiZW1wbG95ZWUzQHNwLmNvbSJ9.nLxacDiNrEOcvZ-qlGgJ1ugEGNBxTck2AwFBIwZBsS0\n",
					"protocol": "http",
					"host": [
						"{{mock-server}}"
					],
					"port": "{{mock-port}}",
					"path": [
						"sso",
						"authenticate",
						"customer"
					],
					"query": [
						{
							"key": "token",
							"value": "P-0123456789eyJhbGciOiJIUzI1NiIsInR5cCI6IkpXVCJ9.eyAiY3VzdG9tZXJJZCI6ICJQLTAxMjM0NTY3ODkiICwgImVtYWlsIjoiZW1wbG95ZWUzQHNwLmNvbSJ9.nLxacDiNrEOcvZ-qlGgJ1ugEGNBxTck2AwFBIwZBsS0\n"
						}
					]
				}
			},
			"response": []
		}
	]
}