<?xml version="1.0" encoding="UTF-8"?>
<!DOCTYPE configuration PUBLIC "-//mybatis.org//DTD Config 3.0//EN"
"http://mybatis.org/dtd/mybatis-3-config.dtd">

<configuration>
	<typeAliases>
		<typeAlias alias="VhaCampaign" type="com.tremorvideo.vha.dao.entity.VhaCampaign" />
		<typeAlias alias="vhaDeliverySummary" type="com.tremorvideo.vha.dao.entity.VhaDeliverySummary" />
		
	</typeAliases>
	<mappers>
		<mapper resource="mybatis/overview-campaign.xml" />
		<mapper resource="mybatis/delivery-summary.xml" />
	</mappers>

</configuration>