[
  {
    "transactionId": "89d3o179-blbc-465b-o9ee-e2d5f6of0",
    "amount": "INR 75",
    "acctIban": "CH93-0000-0000-93450",
    "valueDate": "01-10-2020",
    "description": "Online payment CHF - 0"
  },
  {
    "transactionId": "89d3o179-blbc-465b-o9ee-e2d5f6of1",
    "amount": "SGD 75",
    "acctIban": "CH93-0000-0000-93451",
    "valueDate": "01-10-2020",
    "description": "Online payment CHF - 1"
  },
  {
    "transactionId": "89d3o179-blbc-465b-o9ee-e2d5f6of2",
    "amount": "USD 75",
    "acctIban": "CH93-0000-0000-93452",
    "valueDate": "01-10-2020",
    "description": "Online payment CHF - 2"
  },
  {
    "transactionId": "89d3o179-blbc-465b-o9ee-e2d5f6of3",
    "amount": "INR 75",
    "acctIban": "CH93-0000-0000-93453",
    "valueDate": "01-10-2020",
    "description": "Online payment CHF - 3"
  },
  {
    "transactionId": "89d3o179-blbc-465b-o9ee-e2d5f6of4",
    "amount": "INR 75",
    "acctIban": "CH93-0000-0000-93454",
    "valueDate": "01-10-2020",
    "description": "Online payment CHF - 4"
  },
  {
    "transactionId": "89d3o179-blbc-465b-o9ee-e2d5f6of5",
    "amount": "INR 75",
    "acctIban": "CH93-0000-0000-93455",
    "valueDate": "01-10-2020",
    "description": "Online payment CHF - 5"
  },
  {
    "transactionId": "89d3o179-blbc-465b-o9ee-e2d5f6of6",
    "amount": "INR 75",
    "acctIban": "CH93-0000-0000-93456",
    "valueDate": "01-10-2020",
    "description": "Online payment CHF - 6"
  },
  {
    "transactionId": "89d3o179-blbc-465b-o9ee-e2d5f6of7",
    "amount": "USD 75",
    "acctIban": "CH93-0000-0000-93457",
    "valueDate": "01-10-2020",
    "description": "Online payment CHF - 7"
  },
  {
    "transactionId": "89d3o179-blbc-465b-o9ee-e2d5f6of8",
    "amount": "SGD 75",
    "acctIban": "CH93-0000-0000-93458",
    "valueDate": "01-10-2020",
    "description": "Online payment CHF - 8"
  },
  {
    "transactionId": "89d3o179-blbc-465b-o9ee-e2d5f6of9",
    "amount": "USD 75",
    "acctIban": "CH93-0000-0000-93459",
    "valueDate": "01-10-2020",
    "description": "Online payment CHF - 9"
  },
  {
    "transactionId": "89d3o179-blbc-465b-o9ee-e2d5f6of0",
    "amount": "SGD 75-",
    "acctIban": "CH93-0000-0000-93450",
    "valueDate": "01-10-2020",
    "description": "Online payment CHF - 0"
  },
  {
    "transactionId": "89d3o179-blbc-465b-o9ee-e2d5f6of1",
    "amount": "SGD 75-",
    "acctIban": "CH93-0000-0000-93451",
    "valueDate": "01-10-2020",
    "description": "Online payment CHF - 1"
  },
  {
    "transactionId": "89d3o179-blbc-465b-o9ee-e2d5f6of2",
    "amount": "USD 75-",
    "acctIban": "CH93-0000-0000-93452",
    "valueDate": "01-10-2020",
    "description": "Online payment CHF - 2"
  },
  {
    "transactionId": "89d3o179-blbc-465b-o9ee-e2d5f6of3",
    "amount": "SGD 75-",
    "acctIban": "CH93-0000-0000-93453",
    "valueDate": "01-10-2020",
    "description": "Online payment CHF - 3"
  },
  {
    "transactionId": "89d3o179-blbc-465b-o9ee-e2d5f6of4",
    "amount": "INR 75-",
    "acctIban": "CH93-0000-0000-93454",
    "valueDate": "01-10-2020",
    "description": "Online payment CHF - 4"
  },
  {
    "transactionId": "89d3o179-blbc-465b-o9ee-e2d5f6of5",
    "amount": "SGD 75-",
    "acctIban": "CH93-0000-0000-93455",
    "valueDate": "01-10-2020",
    "description": "Online payment CHF - 5"
  },
  {
    "transactionId": "89d3o179-blbc-465b-o9ee-e2d5f6of6",
    "amount": "SGD 75-",
    "acctIban": "CH93-0000-0000-93456",
    "valueDate": "01-10-2020",
    "description": "Online payment CHF - 6"
  },
  {
    "transactionId": "89d3o179-blbc-465b-o9ee-e2d5f6of7",
    "amount": "USD 75-",
    "acctIban": "CH93-0000-0000-93457",
    "valueDate": "01-10-2020",
    "description": "Online payment CHF - 7"
  },
  {
    "transactionId": "89d3o179-blbc-465b-o9ee-e2d5f6of8",
    "amount": "SGD 75-",
    "acctIban": "CH93-0000-0000-93458",
    "valueDate": "01-10-2020",
    "description": "Online payment CHF - 8"
  },
  {
    "transactionId": "89d3o179-blbc-465b-o9ee-e2d5f6of9",
    "amount": "USD 75-",
    "acctIban": "CH93-0000-0000-93459",
    "valueDate": "01-10-2020",
    "description": "Online payment CHF - 9"
  },
  {
    "transactionId": "89d3o179-blbc-465b-o9ee-e2d5f6of0",
    "amount": "SGD 65-",
    "acctIban": "CH93-0000-0000-93450",
    "valueDate": "01-10-2020",
    "description": "Online payment CHF - 0"
  },
  {
    "transactionId": "89d3o179-blbc-465b-o9ee-e2d5f6of1",
    "amount": "SGD 65-",
    "acctIban": "CH93-0000-0000-93451",
    "valueDate": "01-10-2020",
    "description": "Online payment CHF - 1"
  },
  {
    "transactionId": "89d3o179-blbc-465b-o9ee-e2d5f6of2",
    "amount": "USD 65-",
    "acctIban": "CH93-0000-0000-93452",
    "valueDate": "01-10-2020",
    "description": "Online payment CHF - 2"
  },
  {
    "transactionId": "89d3o179-blbc-465b-o9ee-e2d5f6of3",
    "amount": "SGD 65-",
    "acctIban": "CH93-0000-0000-93453",
    "valueDate": "01-10-2020",
    "description": "Online payment CHF - 3"
  },
  {
    "transactionId": "89d3o179-blbc-465b-o9ee-e2d5f6of4",
    "amount": "INR 65-",
    "acctIban": "CH93-0000-0000-93454",
    "valueDate": "01-10-2020",
    "description": "Online payment CHF - 4"
  },



  {
    "transactionId": "89d3o179-blbc-465b-o9ee-e2d5f6of4",
    "amount": "INR 65-",
    "acctIban": "CH93-0000-0000-93454",
    "valueDate": "02-10-2020",
    "description": "Online payment CHF - 4"
  },
  {
    "transactionId": "89d3o179-blbc-465b-o9ee-e2d5f6of4",
    "amount": "INR 65-",
    "acctIban": "CH93-0000-0000-93454",
    "valueDate": "09-10-2020",
    "description": "Online payment CHF - 4"
  },
  {
    "transactionId": "89d3o179-blbc-465b-o9ee-e2d5f6of4",
    "amount": "INR 65-",
    "acctIban": "CH93-0000-0000-93454",
    "valueDate": "11-10-2020",
    "description": "Online payment CHF - 4"
  },
  {
    "transactionId": "89d3o179-blbc-465b-o9ee-e2d5f6of4",
    "amount": "INR 65-",
    "acctIban": "CH93-0000-0000-93454",
    "valueDate": "13-10-2020",
    "description": "Online payment CHF - 4"
  },
  {
    "transactionId": "89d3o179-blbc-465b-o9ee-e2d5f6of4",
    "amount": "INR 65-",
    "acctIban": "CH93-0000-0000-93454",
    "valueDate": "14-10-2020",
    "description": "Online payment CHF - 4"
  },
  {
    "transactionId": "89d3o179-blbc-465b-o9ee-e2d5f6of4",
    "amount": "INR 65-",
    "acctIban": "CH93-0000-0000-93454",
    "valueDate": "16-10-2020",
    "description": "Online payment CHF - 4"
  },
  {
    "transactionId": "89d3o179-blbc-465b-o9ee-e2d5f6of4",
    "amount": "INR 65-",
    "acctIban": "CH93-0000-0000-93454",
    "valueDate": "17-10-2020",
    "description": "Online payment CHF - 4"
  },
  {
    "transactionId": "89d3o179-blbc-465b-o9ee-e2d5f6of4",
    "amount": "INR 65-",
    "acctIban": "CH93-0000-0000-93454",
    "valueDate": "17-10-2020",
    "description": "Online payment CHF - 4"
  },
  {
    "transactionId": "89d3o179-blbc-465b-o9ee-e2d5f6of4",
    "amount": "INR 65-",
    "acctIban": "CH93-0000-0000-93454",
    "valueDate": "18-10-2020",
    "description": "Online payment CHF - 4"
  },
  {
    "transactionId": "89d3o179-blbc-465b-o9ee-e2d5f6of4",
    "amount": "INR 65-",
    "acctIban": "CH93-0000-0000-93454",
    "valueDate": "21-10-2020",
    "description": "Online payment CHF - 4"
  },
  {
    "transactionId": "89d3o179-blbc-465b-o9ee-e2d5f6of4",
    "amount": "INR 65-",
    "acctIban": "CH93-0000-0000-93454",
    "valueDate": "24-10-2020",
    "description": "Online payment CHF - 4"
  },
  {
    "transactionId": "89d3o179-blbc-465b-o9ee-e2d5f6of4",
    "amount": "INR 65-",
    "acctIban": "CH93-0000-0000-93454",
    "valueDate": "01-10-2021",
    "description": "Online payment CHF - 4"
  },
  {
    "transactionId": "89d3o179-blbc-465b-o9ee-e2d5f6of4",
    "amount": "INR 65-",
    "acctIban": "CH93-0000-0000-93454",
    "valueDate": "30-10-2020",
    "description": "Online payment CHF - 4"
  },
  {
    "transactionId": "89d3o179-blbc-465b-o9ee-e2d5f6of4",
    "amount": "INR 65-",
    "acctIban": "CH93-0000-0000-93454",
    "valueDate": "01-01-2021",
    "description": "Online payment CHF - 4"
  },
  {
    "transactionId": "89d3o179-blbc-465b-o9ee-e2d5f6of4",
    "amount": "INR 65-",
    "acctIban": "CH93-0000-0000-93454",
    "valueDate": "01-01-2020",
    "description": "Online payment CHF - 4"
  },
  {
    "transactionId": "89d3o179-blbc-465b-o9ee-e2d5f6of4",
    "amount": "INR 65-",
    "acctIban": "CH93-0000-0000-93454",
    "valueDate": "01-10-2021",
    "description": "Online payment CHF - 4"
  },




  {
    "transactionId": "89d3o179-blbc-465b-o9ee-e2d5f6of5",
    "amount": "SGD 65-",
    "acctIban": "CH93-0000-0000-93455",
    "valueDate": "01-10-2020",
    "description": "Online payment CHF - 5"
  },
  {
    "transactionId": "89d3o179-blbc-465b-o9ee-e2d5f6of6",
    "amount": "SGD 65-",
    "acctIban": "CH93-0000-0000-93456",
    "valueDate": "01-10-2020",
    "description": "Online payment CHF - 6"
  },
  {
    "transactionId": "89d3o179-blbc-465b-o9ee-e2d5f6of7",
    "amount": "USD 65-",
    "acctIban": "CH93-0000-0000-93457",
    "valueDate": "01-10-2020",
    "description": "Online payment CHF - 7"
  },
  {
    "transactionId": "89d3o179-blbc-465b-o9ee-e2d5f6of8",
    "amount": "SGD 65-",
    "acctIban": "CH93-0000-0000-93458",
    "valueDate": "01-10-2020",
    "description": "Online payment CHF - 8"
  },
  {
    "transactionId": "89d3o179-blbc-465b-o9ee-e2d5f6of9",
    "amount": "USD 65-",
    "acctIban": "CH93-0000-0000-93459",
    "valueDate": "01-10-2020",
    "description": "Online payment CHF - 9"
  }
]
